index,x,y,cor_nome,cor_codigo,num_x,num_y,orientacao
0,44.38355,44.38355,acqua,5,69,18,vertical
1,44.38355,135.36983,acqua,5,69,18,vertical
2,44.38355,226.3561,acqua,5,69,18,vertical
3,44.38355,317.34238,acqua,5,69,18,vertical
4,44.38355,408.32864,acqua,5,69,18,vertical
5,44.38355,499.3149,acqua,5,69,18,vertical
6,44.38355,590.3012,acqua,5,69,18,vertical
7,44.38355,681.2875,acqua,5,69,18,vertical
8,44.38355,772.27374,acqua,5,69,18,vertical
9,44.38355,863.26,acqua,5,69,18,vertical
10,44.38355,954.2463,acqua,5,69,18,vertical
11,44.38355,1045.2325,acqua,5,69,18,vertical
12,44.38355,1136.2189,acqua,5,69,18,vertical
13,44.38355,1227.2051,acqua,5,69,18,vertical
14,44.38355,1318.1914,acqua,5,69,18,vertical
15,44.38355,1409.1776,acqua,5,69,18,vertical
16,44.38355,1500.164,acqua,5,69,18,vertical
17,44.38355,1591.1501,acqua,5,69,18,vertical
18,124.27394,88.7671,acqua,5,69,18,vertical
19,124.27394,179.75337,acqua,5,69,18,vertical
20,124.27394,270.73965,acqua,5,69,18,vertical
21,124.27394,361.72592,acqua,5,69,18,vertical
22,124.27394,452.7122,acqua,5,69,18,vertical
23,124.27394,543.6985,acqua,5,69,18,vertical
24,124.27394,634.68475,acqua,5,69,18,vertical
25,124.27394,725.671,acqua,5,69,18,vertical
26,124.27394,816.6573,acqua,5,69,18,vertical
27,124.27394,907.64355,acqua,5,69,18,vertical
28,124.27394,998.6298,acqua,5,69,18,vertical
29,124.27394,1089.6161,acqua,5,69,18,vertical
30,124.27394,1180.6024,acqua,5,69,18,vertical
31,124.27394,1271.5886,acqua,5,69,18,vertical
32,124.27394,1362.575,acqua,5,69,18,vertical
33,124.27394,1453.5612,acqua,5,69,18,vertical
34,124.27394,1544.5475,acqua,5,69,18,vertical
35,124.27394,1635.5337,acqua,5,69,18,vertical
36,204.16432,44.38355,acqua,5,69,18,vertical
37,204.16432,135.36983,acqua,5,69,18,vertical
38,204.16432,226.3561,acqua,5,69,18,vertical
39,204.16432,317.34238,acqua,5,69,18,vertical
40,204.16432,408.32864,acqua,5,69,18,vertical
41,204.16432,499.3149,acqua,5,69,18,vertical
42,204.16432,590.3012,acqua,5,69,18,vertical
43,204.16432,681.2875,acqua,5,69,18,vertical
44,204.16432,772.27374,acqua,5,69,18,vertical
45,204.16432,863.26,acqua,5,69,18,vertical
46,204.16432,954.2463,acqua,5,69,18,vertical
47,204.16432,1045.2325,acqua,5,69,18,vertical
48,204.16432,1136.2189,acqua,5,69,18,vertical
49,204.16432,1227.2051,acqua,5,69,18,vertical
50,204.16432,1318.1914,acqua,5,69,18,vertical
51,204.16432,1409.1776,acqua,5,69,18,vertical
52,204.16432,1500.164,acqua,5,69,18,vertical
53,204.16432,1591.1501,acqua,5,69,18,vertical
54,284.05472,88.7671,acqua,5,69,18,vertical
55,284.05472,179.75337,acqua,5,69,18,vertical
56,284.05472,270.73965,acqua,5,69,18,vertical
57,284.05472,361.72592,acqua,5,69,18,vertical
58,284.05472,452.7122,acqua,5,69,18,vertical
59,284.05472,543.6985,acqua,5,69,18,vertical
60,284.05472,634.68475,acqua,5,69,18,vertical
61,284.05472,725.671,acqua,5,69,18,vertical
62,284.05472,816.6573,acqua,5,69,18,vertical
63,284.05472,907.64355,acqua,5,69,18,vertical
64,284.05472,998.6298,acqua,5,69,18,vertical
65,284.05472,1089.6161,acqua,5,69,18,vertical
66,284.05472,1180.6024,acqua,5,69,18,vertical
67,284.05472,1271.5886,acqua,5,69,18,vertical
68,284.05472,1362.575,acqua,5,69,18,vertical
69,284.05472,1453.5612,acqua,5,69,18,vertical
70,284.05472,1544.5475,acqua,5,69,18,vertical
71,284.05472,1635.5337,acqua,5,69,18,vertical
72,363.9451,44.38355,acqua,5,69,18,vertical
73,363.9451,135.36983,acqua,5,69,18,vertical
74,363.9451,226.3561,acqua,5,69,18,vertical
75,363.9451,317.34238,acqua,5,69,18,vertical
76,363.9451,408.32864,acqua,5,69,18,vertical
77,363.9451,499.3149,acqua,5,69,18,vertical
78,363.9451,590.3012,acqua,5,69,18,vertical
79,363.9451,681.2875,acqua,5,69,18,vertical
80,363.9451,772.27374,acqua,5,69,18,vertical
81,363.9451,863.26,acqua,5,69,18,vertical
82,363.9451,954.2463,acqua,5,69,18,vertical
83,363.9451,1045.2325,acqua,5,69,18,vertical
84,363.9451,1136.2189,acqua,5,69,18,vertical
85,363.9451,1227.2051,acqua,5,69,18,vertical
86,363.9451,1318.1914,acqua,5,69,18,vertical
87,363.9451,1409.1776,acqua,5,69,18,vertical
88,363.9451,1500.164,acqua,5,69,18,vertical
89,363.9451,1591.1501,acqua,5,69,18,vertical
90,443.83548,88.7671,acqua,5,69,18,vertical
91,443.83548,179.75337,acqua,5,69,18,vertical
92,443.83548,270.73965,acqua,5,69,18,vertical
93,443.83548,361.72592,acqua,5,69,18,vertical
94,443.83548,452.7122,acqua,5,69,18,vertical
95,443.83548,543.6985,acqua,5,69,18,vertical
96,443.83548,634.68475,acqua,5,69,18,vertical
97,443.83548,725.671,acqua,5,69,18,vertical
98,443.83548,816.6573,acqua,5,69,18,vertical
99,443.83548,907.64355,acqua,5,69,18,vertical
100,443.83548,998.6298,acqua,5,69,18,vertical
101,443.83548,1089.6161,acqua,5,69,18,vertical
102,443.83548,1180.6024,acqua,5,69,18,vertical
103,443.83548,1271.5886,acqua,5,69,18,vertical
104,443.83548,1362.575,acqua,5,69,18,vertical
105,443.83548,1453.5612,acqua,5,69,18,vertical
106,443.83548,1544.5475,acqua,5,69,18,vertical
107,443.83548,1635.5337,acqua,5,69,18,vertical
108,523.7259,44.38355,acqua,5,69,18,vertical
109,523.7259,135.36983,acqua,5,69,18,vertical
110,523.7259,226.3561,acqua,5,69,18,vertical
111,523.7259,317.34238,acqua,5,69,18,vertical
112,523.7259,408.32864,acqua,5,69,18,vertical
113,523.7259,499.3149,acqua,5,69,18,vertical
114,523.7259,590.3012,acqua,5,69,18,vertical
115,523.7259,681.2875,acqua,5,69,18,vertical
116,523.7259,772.27374,acqua,5,69,18,vertical
117,523.7259,863.26,acqua,5,69,18,vertical
118,523.7259,954.2463,acqua,5,69,18,vertical
119,523.7259,1045.2325,acqua,5,69,18,vertical
120,523.7259,1136.2189,acqua,5,69,18,vertical
121,523.7259,1227.2051,acqua,5,69,18,vertical
122,523.7259,1318.1914,acqua,5,69,18,vertical
123,523.7259,1409.1776,acqua,5,69,18,vertical
124,523.7259,1500.164,acqua,5,69,18,vertical
125,523.7259,1591.1501,acqua,5,69,18,vertical
126,603.6163,88.7671,acqua,5,69,18,vertical
127,603.6163,179.75337,acqua,5,69,18,vertical
128,603.6163,270.73965,acqua,5,69,18,vertical
129,603.6163,361.72592,acqua,5,69,18,vertical
130,603.6163,452.7122,acqua,5,69,18,vertical
131,603.6163,543.6985,acqua,5,69,18,vertical
132,603.6163,634.68475,acqua,5,69,18,vertical
133,603.6163,725.671,acqua,5,69,18,vertical
134,603.6163,816.6573,acqua,5,69,18,vertical
135,603.6163,907.64355,acqua,5,69,18,vertical
136,603.6163,998.6298,acqua,5,69,18,vertical
137,603.6163,1089.6161,acqua,5,69,18,vertical
138,603.6163,1180.6024,acqua,5,69,18,vertical
139,603.6163,1271.5886,acqua,5,69,18,vertical
140,603.6163,1362.575,acqua,5,69,18,vertical
141,603.6163,1453.5612,acqua,5,69,18,vertical
142,603.6163,1544.5475,acqua,5,69,18,vertical
143,603.6163,1635.5337,acqua,5,69,18,vertical
144,683.50665,44.38355,acqua,5,69,18,vertical
145,683.50665,135.36983,acqua,5,69,18,vertical
146,683.50665,226.3561,acqua,5,69,18,vertical
147,683.50665,317.34238,acqua,5,69,18,vertical
148,683.50665,408.32864,acqua,5,69,18,vertical
149,683.50665,499.3149,acqua,5,69,18,vertical
150,683.50665,590.3012,acqua,5,69,18,vertical
151,683.50665,681.2875,acqua,5,69,18,vertical
152,683.50665,772.27374,acqua,5,69,18,vertical
153,683.50665,863.26,acqua,5,69,18,vertical
154,683.50665,954.2463,acqua,5,69,18,vertical
155,683.50665,1045.2325,acqua,5,69,18,vertical
156,683.50665,1136.2189,acqua,5,69,18,vertical
157,683.50665,1227.2051,acqua,5,69,18,vertical
158,683.50665,1318.1914,acqua,5,69,18,vertical
159,683.50665,1409.1776,acqua,5,69,18,vertical
160,683.50665,1500.164,acqua,5,69,18,vertical
161,683.50665,1591.1501,acqua,5,69,18,vertical
162,763.39703,88.7671,acqua,5,69,18,vertical
163,763.39703,179.75337,acqua,5,69,18,vertical
164,763.39703,270.73965,acqua,5,69,18,vertical
165,763.39703,361.72592,acqua,5,69,18,vertical
166,763.39703,452.7122,acqua,5,69,18,vertical
167,763.39703,543.6985,acqua,5,69,18,vertical
168,763.39703,634.68475,acqua,5,69,18,vertical
169,763.39703,725.671,acqua,5,69,18,vertical
170,763.39703,816.6573,acqua,5,69,18,vertical
171,763.39703,907.64355,acqua,5,69,18,vertical
172,763.39703,998.6298,acqua,5,69,18,vertical
173,763.39703,1089.6161,acqua,5,69,18,vertical
174,763.39703,1180.6024,acqua,5,69,18,vertical
175,763.39703,1271.5886,acqua,5,69,18,vertical
176,763.39703,1362.575,acqua,5,69,18,vertical
177,763.39703,1453.5612,acqua,5,69,18,vertical
178,763.39703,1544.5475,acqua,5,69,18,vertical
179,763.39703,1635.5337,acqua,5,69,18,vertical
180,843.2874,44.38355,acqua,5,69,18,vertical
181,843.2874,135.36983,acqua,5,69,18,vertical
182,843.2874,226.3561,acqua,5,69,18,vertical
183,843.2874,317.34238,acqua,5,69,18,vertical
184,843.2874,408.32864,acqua,5,69,18,vertical
185,843.2874,499.3149,acqua,5,69,18,vertical
186,843.2874,590.3012,acqua,5,69,18,vertical
187,843.2874,681.2875,acqua,5,69,18,vertical
188,843.2874,772.27374,acqua,5,69,18,vertical
189,843.2874,863.26,acqua,5,69,18,vertical
190,843.2874,954.2463,acqua,5,69,18,vertical
191,843.2874,1045.2325,acqua,5,69,18,vertical
192,843.2874,1136.2189,acqua,5,69,18,vertical
193,843.2874,1227.2051,acqua,5,69,18,vertical
194,843.2874,1318.1914,acqua,5,69,18,vertical
195,843.2874,1409.1776,acqua,5,69,18,vertical
196,843.2874,1500.164,acqua,5,69,18,vertical
197,843.2874,1591.1501,acqua,5,69,18,vertical
198,923.1778,88.7671,acqua,5,69,18,vertical
199,923.1778,179.75337,acqua,5,69,18,vertical
200,923.1778,270.73965,acqua,5,69,18,vertical
201,923.1778,361.72592,acqua,5,69,18,vertical
202,923.1778,452.7122,acqua,5,69,18,vertical
203,923.1778,543.6985,acqua,5,69,18,vertical
204,923.1778,634.68475,acqua,5,69,18,vertical
205,923.1778,725.671,acqua,5,69,18,vertical
206,923.1778,816.6573,acqua,5,69,18,vertical
207,923.1778,907.64355,acqua,5,69,18,vertical
208,923.1778,998.6298,acqua,5,69,18,vertical
209,923.1778,1089.6161,acqua,5,69,18,vertical
210,923.1778,1180.6024,acqua,5,69,18,vertical
211,923.1778,1271.5886,acqua,5,69,18,vertical
212,923.1778,1362.575,acqua,5,69,18,vertical
213,923.1778,1453.5612,acqua,5,69,18,vertical
214,923.1778,1544.5475,acqua,5,69,18,vertical
215,923.1778,1635.5337,acqua,5,69,18,vertical
216,1003.0682,44.38355,acqua,5,69,18,vertical
217,1003.0682,135.36983,acqua,5,69,18,vertical
218,1003.0682,226.3561,acqua,5,69,18,vertical
219,1003.0682,317.34238,acqua,5,69,18,vertical
220,1003.0682,408.32864,acqua,5,69,18,vertical
221,1003.0682,499.3149,acqua,5,69,18,vertical
222,1003.0682,590.3012,acqua,5,69,18,vertical
223,1003.0682,681.2875,acqua,5,69,18,vertical
224,1003.0682,772.27374,acqua,5,69,18,vertical
225,1003.0682,863.26,acqua,5,69,18,vertical
226,1003.0682,954.2463,acqua,5,69,18,vertical
227,1003.0682,1045.2325,acqua,5,69,18,vertical
228,1003.0682,1136.2189,acqua,5,69,18,vertical
229,1003.0682,1227.2051,acqua,5,69,18,vertical
230,1003.0682,1318.1914,acqua,5,69,18,vertical
231,1003.0682,1409.1776,acqua,5,69,18,vertical
232,1003.0682,1500.164,acqua,5,69,18,vertical
233,1003.0682,1591.1501,acqua,5,69,18,vertical
234,1082.9586,88.7671,acqua,5,69,18,vertical
235,1082.9586,179.75337,acqua,5,69,18,vertical
236,1082.9586,270.73965,acqua,5,69,18,vertical
237,1082.9586,361.72592,acqua,5,69,18,vertical
238,1082.9586,452.7122,acqua,5,69,18,vertical
239,1082.9586,543.6985,acqua,5,69,18,vertical
240,1082.9586,634.68475,acqua,5,69,18,vertical
241,1082.9586,725.671,acqua,5,69,18,vertical
242,1082.9586,816.6573,acqua,5,69,18,vertical
243,1082.9586,907.64355,acqua,5,69,18,vertical
244,1082.9586,998.6298,acqua,5,69,18,vertical
245,1082.9586,1089.6161,acqua,5,69,18,vertical
246,1082.9586,1180.6024,acqua,5,69,18,vertical
247,1082.9586,1271.5886,acqua,5,69,18,vertical
248,1082.9586,1362.575,acqua,5,69,18,vertical
249,1082.9586,1453.5612,acqua,5,69,18,vertical
250,1082.9586,1544.5475,acqua,5,69,18,vertical
251,1082.9586,1635.5337,acqua,5,69,18,vertical
252,1162.849,44.38355,acqua,5,69,18,vertical
253,1162.849,135.36983,acqua,5,69,18,vertical
254,1162.849,226.3561,acqua,5,69,18,vertical
255,1162.849,317.34238,acqua,5,69,18,vertical
256,1162.849,408.32864,acqua,5,69,18,vertical
257,1162.849,499.3149,acqua,5,69,18,vertical
258,1162.849,590.3012,acqua,5,69,18,vertical
259,1162.849,681.2875,acqua,5,69,18,vertical
260,1162.849,772.27374,acqua,5,69,18,vertical
261,1162.849,863.26,acqua,5,69,18,vertical
262,1162.849,954.2463,branco,8,69,18,vertical
263,1162.849,1045.2325,branco,8,69,18,vertical
264,1162.849,1136.2189,branco,8,69,18,vertical
265,1162.849,1227.2051,branco,8,69,18,vertical
266,1162.849,1318.1914,branco,8,69,18,vertical
267,1162.849,1409.1776,branco,8,69,18,vertical
268,1162.849,1500.164,branco,8,69,18,vertical
269,1162.849,1591.1501,branco,8,69,18,vertical
270,1242.7394,88.7671,acqua,5,69,18,vertical
271,1242.7394,179.75337,acqua,5,69,18,vertical
272,1242.7394,270.73965,acqua,5,69,18,vertical
273,1242.7394,361.72592,acqua,5,69,18,vertical
274,1242.7394,452.7122,acqua,5,69,18,vertical
275,1242.7394,543.6985,acqua,5,69,18,vertical
276,1242.7394,634.68475,acqua,5,69,18,vertical
277,1242.7394,725.671,acqua,5,69,18,vertical
278,1242.7394,816.6573,acqua,5,69,18,vertical
279,1242.7394,907.64355,branco,8,69,18,vertical
280,1242.7394,998.6298,branco,8,69,18,vertical
281,1242.7394,1089.6161,branco,8,69,18,vertical
282,1242.7394,1180.6024,branco,8,69,18,vertical
283,1242.7394,1271.5886,branco,8,69,18,vertical
284,1242.7394,1362.575,branco,8,69,18,vertical
285,1242.7394,1453.5612,branco,8,69,18,vertical
286,1242.7394,1544.5475,branco,8,69,18,vertical
287,1242.7394,1635.5337,branco,8,69,18,vertical
288,1322.6298,44.38355,acqua,5,69,18,vertical
289,1322.6298,135.36983,acqua,5,69,18,vertical
290,1322.6298,226.3561,acqua,5,69,18,vertical
291,1322.6298,317.34238,acqua,5,69,18,vertical
292,1322.6298,408.32864,acqua,5,69,18,vertical
293,1322.6298,499.3149,acqua,5,69,18,vertical
294,1322.6298,590.3012,acqua,5,69,18,vertical
295,1322.6298,681.2875,acqua,5,69,18,vertical
296,1322.6298,772.27374,acqua,5,69,18,vertical
297,1322.6298,863.26,branco,8,69,18,vertical
298,1322.6298,954.2463,branco,8,69,18,vertical
299,1322.6298,1045.2325,branco,8,69,18,vertical
300,1322.6298,1136.2189,branco,8,69,18,vertical
301,1322.6298,1227.2051,branco,8,69,18,vertical
302,1322.6298,1318.1914,branco,8,69,18,vertical
303,1322.6298,1409.1776,branco,8,69,18,vertical
304,1322.6298,1500.164,branco,8,69,18,vertical
305,1322.6298,1591.1501,branco,8,69,18,vertical
306,1402.5201,88.7671,acqua,5,69,18,vertical
307,1402.5201,179.75337,acqua,5,69,18,vertical
308,1402.5201,270.73965,acqua,5,69,18,vertical
309,1402.5201,361.72592,acqua,5,69,18,vertical
310,1402.5201,452.7122,acqua,5,69,18,vertical
311,1402.5201,543.6985,acqua,5,69,18,vertical
312,1402.5201,634.68475,acqua,5,69,18,vertical
313,1402.5201,725.671,acqua,5,69,18,vertical
314,1402.5201,816.6573,branco,8,69,18,vertical
315,1402.5201,907.64355,branco,8,69,18,vertical
316,1402.5201,998.6298,branco,8,69,18,vertical
317,1402.5201,1089.6161,branco,8,69,18,vertical
318,1402.5201,1180.6024,branco,8,69,18,vertical
319,1402.5201,1271.5886,branco,8,69,18,vertical
320,1402.5201,1362.575,branco,8,69,18,vertical
321,1402.5201,1453.5612,branco,8,69,18,vertical
322,1402.5201,1544.5475,branco,8,69,18,vertical
323,1402.5201,1635.5337,branco,8,69,18,vertical
324,1482.4105,44.38355,acqua,5,69,18,vertical
325,1482.4105,135.36983,acqua,5,69,18,vertical
326,1482.4105,226.3561,acqua,5,69,18,vertical
327,1482.4105,317.34238,acqua,5,69,18,vertical
328,1482.4105,408.32864,acqua,5,69,18,vertical
329,1482.4105,499.3149,acqua,5,69,18,vertical
330,1482.4105,590.3012,acqua,5,69,18,vertical
331,1482.4105,681.2875,acqua,5,69,18,vertical
332,1482.4105,772.27374,acqua,5,69,18,vertical
333,1482.4105,863.26,branco,8,69,18,vertical
334,1482.4105,954.2463,branco,8,69,18,vertical
335,1482.4105,1045.2325,branco,8,69,18,vertical
336,1482.4105,1136.2189,branco,8,69,18,vertical
337,1482.4105,1227.2051,branco,8,69,18,vertical
338,1482.4105,1318.1914,branco,8,69,18,vertical
339,1482.4105,1409.1776,branco,8,69,18,vertical
340,1482.4105,1500.164,branco,8,69,18,vertical
341,1482.4105,1591.1501,branco,8,69,18,vertical
342,1562.3009,88.7671,amarelo,3,69,18,vertical
343,1562.3009,179.75337,amarelo,3,69,18,vertical
344,1562.3009,270.73965,amarelo,3,69,18,vertical
345,1562.3009,361.72592,amarelo,3,69,18,vertical
346,1562.3009,452.7122,amarelo,3,69,18,vertical
347,1562.3009,543.6985,amarelo,3,69,18,vertical
348,1562.3009,634.68475,amarelo,3,69,18,vertical
349,1562.3009,725.671,amarelo,3,69,18,vertical
350,1562.3009,816.6573,amarelo,3,69,18,vertical
351,1562.3009,907.64355,amarelo,3,69,18,vertical
352,1562.3009,998.6298,amarelo,3,69,18,vertical
353,1562.3009,1089.6161,acqua,5,69,18,vertical
354,1562.3009,1180.6024,acqua,5,69,18,vertical
355,1562.3009,1271.5886,acqua,5,69,18,vertical
356,1562.3009,1362.575,acqua,5,69,18,vertical
357,1562.3009,1453.5612,acqua,5,69,18,vertical
358,1562.3009,1544.5475,acqua,5,69,18,vertical
359,1562.3009,1635.5337,acqua,5,69,18,vertical
360,1642.1913,44.38355,amarelo,3,69,18,vertical
361,1642.1913,135.36983,amarelo,3,69,18,vertical
362,1642.1913,226.3561,amarelo,3,69,18,vertical
363,1642.1913,317.34238,amarelo,3,69,18,vertical
364,1642.1913,408.32864,amarelo,3,69,18,vertical
365,1642.1913,499.3149,amarelo,3,69,18,vertical
366,1642.1913,590.3012,amarelo,3,69,18,vertical
367,1642.1913,681.2875,amarelo,3,69,18,vertical
368,1642.1913,772.27374,amarelo,3,69,18,vertical
369,1642.1913,863.26,amarelo,3,69,18,vertical
370,1642.1913,954.2463,amarelo,3,69,18,vertical
371,1642.1913,1045.2325,amarelo,3,69,18,vertical
372,1642.1913,1136.2189,acqua,5,69,18,vertical
373,1642.1913,1227.2051,acqua,5,69,18,vertical
374,1642.1913,1318.1914,acqua,5,69,18,vertical
375,1642.1913,1409.1776,acqua,5,69,18,vertical
376,1642.1913,1500.164,acqua,5,69,18,vertical
377,1642.1913,1591.1501,acqua,5,69,18,vertical
378,1722.0817,88.7671,amarelo,3,69,18,vertical
379,1722.0817,179.75337,amarelo,3,69,18,vertical
380,1722.0817,270.73965,amarelo,3,69,18,vertical
381,1722.0817,361.72592,amarelo,3,69,18,vertical
382,1722.0817,452.7122,amarelo,3,69,18,vertical
383,1722.0817,543.6985,amarelo,3,69,18,vertical
384,1722.0817,634.68475,amarelo,3,69,18,vertical
385,1722.0817,725.671,amarelo,3,69,18,vertical
386,1722.0817,816.6573,amarelo,3,69,18,vertical
387,1722.0817,907.64355,amarelo,3,69,18,vertical
388,1722.0817,998.6298,amarelo,3,69,18,vertical
389,1722.0817,1089.6161,acqua,5,69,18,vertical
390,1722.0817,1180.6024,acqua,5,69,18,vertical
391,1722.0817,1271.5886,acqua,5,69,18,vertical
392,1722.0817,1362.575,acqua,5,69,18,vertical
393,1722.0817,1453.5612,acqua,5,69,18,vertical
394,1722.0817,1544.5475,acqua,5,69,18,vertical
395,1722.0817,1635.5337,acqua,5,69,18,vertical
396,1801.972,44.38355,amarelo,3,69,18,vertical
397,1801.972,135.36983,amarelo,3,69,18,vertical
398,1801.972,226.3561,amarelo,3,69,18,vertical
399,1801.972,317.34238,amarelo,3,69,18,vertical
400,1801.972,408.32864,amarelo,3,69,18,vertical
401,1801.972,499.3149,amarelo,3,69,18,vertical
402,1801.972,590.3012,amarelo,3,69,18,vertical
403,1801.972,681.2875,amarelo,3,69,18,vertical
404,1801.972,772.27374,amarelo,3,69,18,vertical
405,1801.972,863.26,amarelo,3,69,18,vertical
406,1801.972,954.2463,amarelo,3,69,18,vertical
407,1801.972,1045.2325,amarelo,3,69,18,vertical
408,1801.972,1136.2189,acqua,5,69,18,vertical
409,1801.972,1227.2051,acqua,5,69,18,vertical
410,1801.972,1318.1914,acqua,5,69,18,vertical
411,1801.972,1409.1776,acqua,5,69,18,vertical
412,1801.972,1500.164,acqua,5,69,18,vertical
413,1801.972,1591.1501,acqua,5,69,18,vertical
414,1881.8624,88.7671,acqua,5,69,18,vertical
415,1881.8624,179.75337,acqua,5,69,18,vertical
416,1881.8624,270.73965,acqua,5,69,18,vertical
417,1881.8624,361.72592,acqua,5,69,18,vertical
418,1881.8624,452.7122,acqua,5,69,18,vertical
419,1881.8624,543.6985,acqua,5,69,18,vertical
420,1881.8624,634.68475,acqua,5,69,18,vertical
421,1881.8624,725.671,acqua,5,69,18,vertical
422,1881.8624,816.6573,acqua,5,69,18,vertical
423,1881.8624,907.64355,acqua,5,69,18,vertical
424,1881.8624,998.6298,acqua,5,69,18,vertical
425,1881.8624,1089.6161,acqua,5,69,18,vertical
426,1881.8624,1180.6024,acqua,5,69,18,vertical
427,1881.8624,1271.5886,acqua,5,69,18,vertical
428,1881.8624,1362.575,acqua,5,69,18,vertical
429,1881.8624,1453.5612,acqua,5,69,18,vertical
430,1881.8624,1544.5475,acqua,5,69,18,vertical
431,1881.8624,1635.5337,acqua,5,69,18,vertical
432,1961.7528,44.38355,acqua,5,69,18,vertical
433,1961.7528,135.36983,acqua,5,69,18,vertical
434,1961.7528,226.3561,acqua,5,69,18,vertical
435,1961.7528,317.34238,acqua,5,69,18,vertical
436,1961.7528,408.32864,acqua,5,69,18,vertical
437,1961.7528,499.3149,acqua,5,69,18,vertical
438,1961.7528,590.3012,acqua,5,69,18,vertical
439,1961.7528,681.2875,acqua,5,69,18,vertical
440,1961.7528,772.27374,acqua,5,69,18,vertical
441,1961.7528,863.26,acqua,5,69,18,vertical
442,1961.7528,954.2463,acqua,5,69,18,vertical
443,1961.7528,1045.2325,acqua,5,69,18,vertical
444,1961.7528,1136.2189,acqua,5,69,18,vertical
445,1961.7528,1227.2051,acqua,5,69,18,vertical
446,1961.7528,1318.1914,acqua,5,69,18,vertical
447,1961.7528,1409.1776,acqua,5,69,18,vertical
448,1961.7528,1500.164,acqua,5,69,18,vertical
449,1961.7528,1591.1501,acqua,5,69,18,vertical
450,2041.6432,88.7671,acqua,5,69,18,vertical
451,2041.6432,179.75337,acqua,5,69,18,vertical
452,2041.6432,270.73965,acqua,5,69,18,vertical
453,2041.6432,361.72592,acqua,5,69,18,vertical
454,2041.6432,452.7122,acqua,5,69,18,vertical
455,2041.6432,543.6985,acqua,5,69,18,vertical
456,2041.6432,634.68475,acqua,5,69,18,vertical
457,2041.6432,725.671,acqua,5,69,18,vertical
458,2041.6432,816.6573,acqua,5,69,18,vertical
459,2041.6432,907.64355,acqua,5,69,18,vertical
460,2041.6432,998.6298,acqua,5,69,18,vertical
461,2041.6432,1089.6161,acqua,5,69,18,vertical
462,2041.6432,1180.6024,acqua,5,69,18,vertical
463,2041.6432,1271.5886,acqua,5,69,18,vertical
464,2041.6432,1362.575,acqua,5,69,18,vertical
465,2041.6432,1453.5612,acqua,5,69,18,vertical
466,2041.6432,1544.5475,acqua,5,69,18,vertical
467,2041.6432,1635.5337,acqua,5,69,18,vertical
468,2121.5337,44.38355,acqua,5,69,18,vertical
469,2121.5337,135.36983,acqua,5,69,18,vertical
470,2121.5337,226.3561,acqua,5,69,18,vertical
471,2121.5337,317.34238,acqua,5,69,18,vertical
472,2121.5337,408.32864,acqua,5,69,18,vertical
473,2121.5337,499.3149,acqua,5,69,18,vertical
474,2121.5337,590.3012,acqua,5,69,18,vertical
475,2121.5337,681.2875,acqua,5,69,18,vertical
476,2121.5337,772.27374,acqua,5,69,18,vertical
477,2121.5337,863.26,acqua,5,69,18,vertical
478,2121.5337,954.2463,acqua,5,69,18,vertical
479,2121.5337,1045.2325,acqua,5,69,18,vertical
480,2121.5337,1136.2189,acqua,5,69,18,vertical
481,2121.5337,1227.2051,acqua,5,69,18,vertical
482,2121.5337,1318.1914,acqua,5,69,18,vertical
483,2121.5337,1409.1776,acqua,5,69,18,vertical
484,2121.5337,1500.164,acqua,5,69,18,vertical
485,2121.5337,1591.1501,acqua,5,69,18,vertical
486,2201.424,88.7671,acqua,5,69,18,vertical
487,2201.424,179.75337,acqua,5,69,18,vertical
488,2201.424,270.73965,acqua,5,69,18,vertical
489,2201.424,361.72592,acqua,5,69,18,vertical
490,2201.424,452.7122,acqua,5,69,18,vertical
491,2201.424,543.6985,acqua,5,69,18,vertical
492,2201.424,634.68475,acqua,5,69,18,vertical
493,2201.424,725.671,acqua,5,69,18,vertical
494,2201.424,816.6573,acqua,5,69,18,vertical
495,2201.424,907.64355,acqua,5,69,18,vertical
496,2201.424,998.6298,acqua,5,69,18,vertical
497,2201.424,1089.6161,acqua,5,69,18,vertical
498,2201.424,1180.6024,acqua,5,69,18,vertical
499,2201.424,1271.5886,acqua,5,69,18,vertical
500,2201.424,1362.575,acqua,5,69,18,vertical
501,2201.424,1453.5612,acqua,5,69,18,vertical
502,2201.424,1544.5475,acqua,5,69,18,vertical
503,2201.424,1635.5337,acqua,5,69,18,vertical
504,2281.3145,44.38355,acqua,5,69,18,vertical
505,2281.3145,135.36983,acqua,5,69,18,vertical
506,2281.3145,226.3561,acqua,5,69,18,vertical
507,2281.3145,317.34238,acqua,5,69,18,vertical
508,2281.3145,408.32864,acqua,5,69,18,vertical
509,2281.3145,499.3149,acqua,5,69,18,vertical
510,2281.3145,590.3012,acqua,5,69,18,vertical
511,2281.3145,681.2875,acqua,5,69,18,vertical
512,2281.3145,772.27374,acqua,5,69,18,vertical
513,2281.3145,863.26,acqua,5,69,18,vertical
514,2281.3145,954.2463,acqua,5,69,18,vertical
515,2281.3145,1045.2325,acqua,5,69,18,vertical
516,2281.3145,1136.2189,acqua,5,69,18,vertical
517,2281.3145,1227.2051,acqua,5,69,18,vertical
518,2281.3145,1318.1914,acqua,5,69,18,vertical
519,2281.3145,1409.1776,acqua,5,69,18,vertical
520,2281.3145,1500.164,acqua,5,69,18,vertical
521,2281.3145,1591.1501,acqua,5,69,18,vertical
522,2361.2048,88.7671,acqua,5,69,18,vertical
523,2361.2048,179.75337,acqua,5,69,18,vertical
524,2361.2048,270.73965,acqua,5,69,18,vertical
525,2361.2048,361.72592,acqua,5,69,18,vertical
526,2361.2048,452.7122,acqua,5,69,18,vertical
527,2361.2048,543.6985,acqua,5,69,18,vertical
528,2361.2048,634.68475,acqua,5,69,18,vertical
529,2361.2048,725.671,acqua,5,69,18,vertical
530,2361.2048,816.6573,acqua,5,69,18,vertical
531,2361.2048,907.64355,acqua,5,69,18,vertical
532,2361.2048,998.6298,acqua,5,69,18,vertical
533,2361.2048,1089.6161,acqua,5,69,18,vertical
534,2361.2048,1180.6024,acqua,5,69,18,vertical
535,2361.2048,1271.5886,acqua,5,69,18,vertical
536,2361.2048,1362.575,acqua,5,69,18,vertical
537,2361.2048,1453.5612,acqua,5,69,18,vertical
538,2361.2048,1544.5475,acqua,5,69,18,vertical
539,2361.2048,1635.5337,acqua,5,69,18,vertical
540,2441.0952,44.38355,acqua,5,69,18,vertical
541,2441.0952,135.36983,acqua,5,69,18,vertical
542,2441.0952,226.3561,acqua,5,69,18,vertical
543,2441.0952,317.34238,acqua,5,69,18,vertical
544,2441.0952,408.32864,acqua,5,69,18,vertical
545,2441.0952,499.3149,acqua,5,69,18,vertical
546,2441.0952,590.3012,acqua,5,69,18,vertical
547,2441.0952,681.2875,acqua,5,69,18,vertical
548,2441.0952,772.27374,acqua,5,69,18,vertical
549,2441.0952,863.26,acqua,5,69,18,vertical
550,2441.0952,954.2463,acqua,5,69,18,vertical
551,2441.0952,1045.2325,acqua,5,69,18,vertical
552,2441.0952,1136.2189,acqua,5,69,18,vertical
553,2441.0952,1227.2051,acqua,5,69,18,vertical
554,2441.0952,1318.1914,acqua,5,69,18,vertical
555,2441.0952,1409.1776,acqua,5,69,18,vertical
556,2441.0952,1500.164,acqua,5,69,18,vertical
557,2441.0952,1591.1501,acqua,5,69,18,vertical
558,2520.9856,88.7671,acqua,5,69,18,vertical
559,2520.9856,179.75337,acqua,5,69,18,vertical
560,2520.9856,270.73965,acqua,5,69,18,vertical
561,2520.9856,361.72592,acqua,5,69,18,vertical
562,2520.9856,452.7122,acqua,5,69,18,vertical
563,2520.9856,543.6985,acqua,5,69,18,vertical
564,2520.9856,634.68475,acqua,5,69,18,vertical
565,2520.9856,725.671,acqua,5,69,18,vertical
566,2520.9856,816.6573,acqua,5,69,18,vertical
567,2520.9856,907.64355,acqua,5,69,18,vertical
568,2520.9856,998.6298,acqua,5,69,18,vertical
569,2520.9856,1089.6161,acqua,5,69,18,vertical
570,2520.9856,1180.6024,acqua,5,69,18,vertical
571,2520.9856,1271.5886,acqua,5,69,18,vertical
572,2520.9856,1362.575,acqua,5,69,18,vertical
573,2520.9856,1453.5612,acqua,5,69,18,vertical
574,2520.9856,1544.5475,acqua,5,69,18,vertical
575,2520.9856,1635.5337,acqua,5,69,18,vertical
576,2600.876,44.38355,acqua,5,69,18,vertical
577,2600.876,135.36983,acqua,5,69,18,vertical
578,2600.876,226.3561,acqua,5,69,18,vertical
579,2600.876,317.34238,acqua,5,69,18,vertical
580,2600.876,408.32864,acqua,5,69,18,vertical
581,2600.876,499.3149,acqua,5,69,18,vertical
582,2600.876,590.3012,acqua,5,69,18,vertical
583,2600.876,681.2875,acqua,5,69,18,vertical
584,2600.876,772.27374,acqua,5,69,18,vertical
585,2600.876,863.26,acqua,5,69,18,vertical
586,2600.876,954.2463,acqua,5,69,18,vertical
587,2600.876,1045.2325,acqua,5,69,18,vertical
588,2600.876,1136.2189,acqua,5,69,18,vertical
589,2600.876,1227.2051,acqua,5,69,18,vertical
590,2600.876,1318.1914,acqua,5,69,18,vertical
591,2600.876,1409.1776,acqua,5,69,18,vertical
592,2600.876,1500.164,acqua,5,69,18,vertical
593,2600.876,1591.1501,acqua,5,69,18,vertical
594,2680.7664,88.7671,acqua,5,69,18,vertical
595,2680.7664,179.75337,acqua,5,69,18,vertical
596,2680.7664,270.73965,acqua,5,69,18,vertical
597,2680.7664,361.72592,acqua,5,69,18,vertical
598,2680.7664,452.7122,acqua,5,69,18,vertical
599,2680.7664,543.6985,acqua,5,69,18,vertical
600,2680.7664,634.68475,vermelho,1,69,18,vertical
601,2680.7664,725.671,vermelho,1,69,18,vertical
602,2680.7664,816.6573,vermelho,1,69,18,vertical
603,2680.7664,907.64355,vermelho,1,69,18,vertical
604,2680.7664,998.6298,vermelho,1,69,18,vertical
605,2680.7664,1089.6161,vermelho,1,69,18,vertical
606,2680.7664,1180.6024,vermelho,1,69,18,vertical
607,2680.7664,1271.5886,vermelho,1,69,18,vertical
608,2680.7664,1362.575,vermelho,1,69,18,vertical
609,2680.7664,1453.5612,vermelho,1,69,18,vertical
610,2680.7664,1544.5475,vermelho,1,69,18,vertical
611,2680.7664,1635.5337,vermelho,1,69,18,vertical
612,2760.6567,44.38355,acqua,5,69,18,vertical
613,2760.6567,135.36983,acqua,5,69,18,vertical
614,2760.6567,226.3561,acqua,5,69,18,vertical
615,2760.6567,317.34238,acqua,5,69,18,vertical
616,2760.6567,408.32864,acqua,5,69,18,vertical
617,2760.6567,499.3149,acqua,5,69,18,vertical
618,2760.6567,590.3012,vermelho,1,69,18,vertical
619,2760.6567,681.2875,vermelho,1,69,18,vertical
620,2760.6567,772.27374,vermelho,1,69,18,vertical
621,2760.6567,863.26,vermelho,1,69,18,vertical
622,2760.6567,954.2463,vermelho,1,69,18,vertical
623,2760.6567,1045.2325,vermelho,1,69,18,vertical
624,2760.6567,1136.2189,vermelho,1,69,18,vertical
625,2760.6567,1227.2051,vermelho,1,69,18,vertical
626,2760.6567,1318.1914,vermelho,1,69,18,vertical
627,2760.6567,1409.1776,vermelho,1,69,18,vertical
628,2760.6567,1500.164,vermelho,1,69,18,vertical
629,2760.6567,1591.1501,vermelho,1,69,18,vertical
630,2840.547,88.7671,acqua,5,69,18,vertical
631,2840.547,179.75337,acqua,5,69,18,vertical
632,2840.547,270.73965,acqua,5,69,18,vertical
633,2840.547,361.72592,acqua,5,69,18,vertical
634,2840.547,452.7122,acqua,5,69,18,vertical
635,2840.547,543.6985,vermelho,1,69,18,vertical
636,2840.547,634.68475,vermelho,1,69,18,vertical
637,2840.547,725.671,vermelho,1,69,18,vertical
638,2840.547,816.6573,vermelho,1,69,18,vertical
639,2840.547,907.64355,vermelho,1,69,18,vertical
640,2840.547,998.6298,vermelho,1,69,18,vertical
641,2840.547,1089.6161,vermelho,1,69,18,vertical
642,2840.547,1180.6024,vermelho,1,69,18,vertical
643,2840.547,1271.5886,vermelho,1,69,18,vertical
644,2840.547,1362.575,vermelho,1,69,18,vertical
645,2840.547,1453.5612,vermelho,1,69,18,vertical
646,2840.547,1544.5475,vermelho,1,69,18,vertical
647,2840.547,1635.5337,vermelho,1,69,18,vertical
648,2920.4375,44.38355,acqua,5,69,18,vertical
649,2920.4375,135.36983,acqua,5,69,18,vertical
650,2920.4375,226.3561,acqua,5,69,18,vertical
651,2920.4375,317.34238,acqua,5,69,18,vertical
652,2920.4375,408.32864,acqua,5,69,18,vertical
653,2920.4375,499.3149,vermelho,1,69,18,vertical
654,2920.4375,590.3012,vermelho,1,69,18,vertical
655,2920.4375,681.2875,vermelho,1,69,18,vertical
656,2920.4375,772.27374,vermelho,1,69,18,vertical
657,2920.4375,863.26,vermelho,1,69,18,vertical
658,2920.4375,954.2463,vermelho,1,69,18,vertical
659,2920.4375,1045.2325,vermelho,1,69,18,vertical
660,2920.4375,1136.2189,vermelho,1,69,18,vertical
661,2920.4375,1227.2051,vermelho,1,69,18,vertical
662,2920.4375,1318.1914,vermelho,1,69,18,vertical
663,2920.4375,1409.1776,vermelho,1,69,18,vertical
664,2920.4375,1500.164,vermelho,1,69,18,vertical
665,2920.4375,1591.1501,vermelho,1,69,18,vertical
666,3000.328,88.7671,acqua,5,69,18,vertical
667,3000.328,179.75337,acqua,5,69,18,vertical
668,3000.328,270.73965,acqua,5,69,18,vertical
669,3000.328,361.72592,acqua,5,69,18,vertical
670,3000.328,452.7122,acqua,5,69,18,vertical
671,3000.328,543.6985,vermelho,1,69,18,vertical
672,3000.328,634.68475,vermelho,1,69,18,vertical
673,3000.328,725.671,vermelho,1,69,18,vertical
674,3000.328,816.6573,vermelho,1,69,18,vertical
675,3000.328,907.64355,vermelho,1,69,18,vertical
676,3000.328,998.6298,vermelho,1,69,18,vertical
677,3000.328,1089.6161,vermelho,1,69,18,vertical
678,3000.328,1180.6024,vermelho,1,69,18,vertical
679,3000.328,1271.5886,vermelho,1,69,18,vertical
680,3000.328,1362.575,vermelho,1,69,18,vertical
681,3000.328,1453.5612,vermelho,1,69,18,vertical
682,3000.328,1544.5475,vermelho,1,69,18,vertical
683,3000.328,1635.5337,vermelho,1,69,18,vertical
684,3080.2183,44.38355,acqua,5,69,18,vertical
685,3080.2183,135.36983,acqua,5,69,18,vertical
686,3080.2183,226.3561,acqua,5,69,18,vertical
687,3080.2183,317.34238,acqua,5,69,18,vertical
688,3080.2183,408.32864,acqua,5,69,18,vertical
689,3080.2183,499.3149,acqua,5,69,18,vertical
690,3080.2183,590.3012,acqua,5,69,18,vertical
691,3080.2183,681.2875,acqua,5,69,18,vertical
692,3080.2183,772.27374,acqua,5,69,18,vertical
693,3080.2183,863.26,acqua,5,69,18,vertical
694,3080.2183,954.2463,acqua,5,69,18,vertical
695,3080.2183,1045.2325,acqua,5,69,18,vertical
696,3080.2183,1136.2189,acqua,5,69,18,vertical
697,3080.2183,1227.2051,acqua,5,69,18,vertical
698,3080.2183,1318.1914,acqua,5,69,18,vertical
699,3080.2183,1409.1776,acqua,5,69,18,vertical
700,3080.2183,1500.164,acqua,5,69,18,vertical
701,3080.2183,1591.1501,acqua,5,69,18,vertical
702,3160.1086,88.7671,acqua,5,69,18,vertical
703,3160.1086,179.75337,acqua,5,69,18,vertical
704,3160.1086,270.73965,acqua,5,69,18,vertical
705,3160.1086,361.72592,acqua,5,69,18,vertical
706,3160.1086,452.7122,acqua,5,69,18,vertical
707,3160.1086,543.6985,acqua,5,69,18,vertical
708,3160.1086,634.68475,acqua,5,69,18,vertical
709,3160.1086,725.671,acqua,5,69,18,vertical
710,3160.1086,816.6573,acqua,5,69,18,vertical
711,3160.1086,907.64355,acqua,5,69,18,vertical
712,3160.1086,998.6298,acqua,5,69,18,vertical
713,3160.1086,1089.6161,acqua,5,69,18,vertical
714,3160.1086,1180.6024,acqua,5,69,18,vertical
715,3160.1086,1271.5886,acqua,5,69,18,vertical
716,3160.1086,1362.575,acqua,5,69,18,vertical
717,3160.1086,1453.5612,acqua,5,69,18,vertical
718,3160.1086,1544.5475,acqua,5,69,18,vertical
719,3160.1086,1635.5337,acqua,5,69,18,vertical
720,3239.999,44.38355,acqua,5,69,18,vertical
721,3239.999,135.36983,acqua,5,69,18,vertical
722,3239.999,226.3561,laranja,2,69,18,vertical
723,3239.999,317.34238,laranja,2,69,18,vertical
724,3239.999,408.32864,laranja,2,69,18,vertical
725,3239.999,499.3149,laranja,2,69,18,vertical
726,3239.999,590.3012,laranja,2,69,18,vertical
727,3239.999,681.2875,laranja,2,69,18,vertical
728,3239.999,772.27374,laranja,2,69,18,vertical
729,3239.999,863.26,laranja,2,69,18,vertical
730,3239.999,954.2463,laranja,2,69,18,vertical
731,3239.999,1045.2325,laranja,2,69,18,vertical
732,3239.999,1136.2189,laranja,2,69,18,vertical
733,3239.999,1227.2051,laranja,2,69,18,vertical
734,3239.999,1318.1914,acqua,5,69,18,vertical
735,3239.999,1409.1776,acqua,5,69,18,vertical
736,3239.999,1500.164,acqua,5,69,18,vertical
737,3239.999,1591.1501,acqua,5,69,18,vertical
738,3319.8894,88.7671,laranja,2,69,18,vertical
739,3319.8894,179.75337,laranja,2,69,18,vertical
740,3319.8894,270.73965,laranja,2,69,18,vertical
741,3319.8894,361.72592,laranja,2,69,18,vertical
742,3319.8894,452.7122,laranja,2,69,18,vertical
743,3319.8894,543.6985,laranja,2,69,18,vertical
744,3319.8894,634.68475,laranja,2,69,18,vertical
745,3319.8894,725.671,laranja,2,69,18,vertical
746,3319.8894,816.6573,laranja,2,69,18,vertical
747,3319.8894,907.64355,laranja,2,69,18,vertical
748,3319.8894,998.6298,laranja,2,69,18,vertical
749,3319.8894,1089.6161,laranja,2,69,18,vertical
750,3319.8894,1180.6024,laranja,2,69,18,vertical
751,3319.8894,1271.5886,acqua,5,69,18,vertical
752,3319.8894,1362.575,acqua,5,69,18,vertical
753,3319.8894,1453.5612,acqua,5,69,18,vertical
754,3319.8894,1544.5475,acqua,5,69,18,vertical
755,3319.8894,1635.5337,acqua,5,69,18,vertical
756,3399.7798,44.38355,laranja,2,69,18,vertical
757,3399.7798,135.36983,laranja,2,69,18,vertical
758,3399.7798,226.3561,laranja,2,69,18,vertical
759,3399.7798,317.34238,laranja,2,69,18,vertical
760,3399.7798,408.32864,laranja,2,69,18,vertical
761,3399.7798,499.3149,laranja,2,69,18,vertical
762,3399.7798,590.3012,laranja,2,69,18,vertical
763,3399.7798,681.2875,laranja,2,69,18,vertical
764,3399.7798,772.27374,laranja,2,69,18,vertical
765,3399.7798,863.26,laranja,2,69,18,vertical
766,3399.7798,954.2463,laranja,2,69,18,vertical
767,3399.7798,1045.2325,laranja,2,69,18,vertical
768,3399.7798,1136.2189,laranja,2,69,18,vertical
769,3399.7798,1227.2051,acqua,5,69,18,vertical
770,3399.7798,1318.1914,acqua,5,69,18,vertical
771,3399.7798,1409.1776,acqua,5,69,18,vertical
772,3399.7798,1500.164,acqua,5,69,18,vertical
773,3399.7798,1591.1501,acqua,5,69,18,vertical
774,3479.6702,88.7671,laranja,2,69,18,vertical
775,3479.6702,179.75337,laranja,2,69,18,vertical
776,3479.6702,270.73965,laranja,2,69,18,vertical
777,3479.6702,361.72592,laranja,2,69,18,vertical
778,3479.6702,452.7122,laranja,2,69,18,vertical
779,3479.6702,543.6985,laranja,2,69,18,vertical
780,3479.6702,634.68475,laranja,2,69,18,vertical
781,3479.6702,725.671,laranja,2,69,18,vertical
782,3479.6702,816.6573,laranja,2,69,18,vertical
783,3479.6702,907.64355,laranja,2,69,18,vertical
784,3479.6702,998.6298,laranja,2,69,18,vertical
785,3479.6702,1089.6161,laranja,2,69,18,vertical
786,3479.6702,1180.6024,acqua,5,69,18,vertical
787,3479.6702,1271.5886,acqua,5,69,18,vertical
788,3479.6702,1362.575,acqua,5,69,18,vertical
789,3479.6702,1453.5612,acqua,5,69,18,vertical
790,3479.6702,1544.5475,acqua,5,69,18,vertical
791,3479.6702,1635.5337,acqua,5,69,18,vertical
792,3559.5605,44.38355,laranja,2,69,18,vertical
793,3559.5605,135.36983,laranja,2,69,18,vertical
794,3559.5605,226.3561,laranja,2,69,18,vertical
795,3559.5605,317.34238,laranja,2,69,18,vertical
796,3559.5605,408.32864,laranja,2,69,18,vertical
797,3559.5605,499.3149,laranja,2,69,18,vertical
798,3559.5605,590.3012,laranja,2,69,18,vertical
799,3559.5605,681.2875,laranja,2,69,18,vertical
800,3559.5605,772.27374,laranja,2,69,18,vertical
801,3559.5605,863.26,laranja,2,69,18,vertical
802,3559.5605,954.2463,laranja,2,69,18,vertical
803,3559.5605,1045.2325,laranja,2,69,18,vertical
804,3559.5605,1136.2189,acqua,5,69,18,vertical
805,3559.5605,1227.2051,acqua,5,69,18,vertical
806,3559.5605,1318.1914,acqua,5,69,18,vertical
807,3559.5605,1409.1776,acqua,5,69,18,vertical
808,3559.5605,1500.164,acqua,5,69,18,vertical
809,3559.5605,1591.1501,acqua,5,69,18,vertical
810,3639.451,88.7671,acqua,5,69,18,vertical
811,3639.451,179.75337,acqua,5,69,18,vertical
812,3639.451,270.73965,acqua,5,69,18,vertical
813,3639.451,361.72592,acqua,5,69,18,vertical
814,3639.451,452.7122,acqua,5,69,18,vertical
815,3639.451,543.6985,acqua,5,69,18,vertical
816,3639.451,634.68475,acqua,5,69,18,vertical
817,3639.451,725.671,acqua,5,69,18,vertical
818,3639.451,816.6573,acqua,5,69,18,vertical
819,3639.451,907.64355,acqua,5,69,18,vertical
820,3639.451,998.6298,acqua,5,69,18,vertical
821,3639.451,1089.6161,acqua,5,69,18,vertical
822,3639.451,1180.6024,acqua,5,69,18,vertical
823,3639.451,1271.5886,acqua,5,69,18,vertical
824,3639.451,1362.575,acqua,5,69,18,vertical
825,3639.451,1453.5612,acqua,5,69,18,vertical
826,3639.451,1544.5475,acqua,5,69,18,vertical
827,3639.451,1635.5337,acqua,5,69,18,vertical
828,3719.3413,44.38355,acqua,5,69,18,vertical
829,3719.3413,135.36983,acqua,5,69,18,vertical
830,3719.3413,226.3561,acqua,5,69,18,vertical
831,3719.3413,317.34238,acqua,5,69,18,vertical
832,3719.3413,408.32864,acqua,5,69,18,vertical
833,3719.3413,499.3149,acqua,5,69,18,vertical
834,3719.3413,590.3012,acqua,5,69,18,vertical
835,3719.3413,681.2875,acqua,5,69,18,vertical
836,3719.3413,772.27374,acqua,5,69,18,vertical
837,3719.3413,863.26,acqua,5,69,18,vertical
838,3719.3413,954.2463,acqua,5,69,18,vertical
839,3719.3413,1045.2325,acqua,5,69,18,vertical
840,3719.3413,1136.2189,acqua,5,69,18,vertical
841,3719.3413,1227.2051,acqua,5,69,18,vertical
842,3719.3413,1318.1914,acqua,5,69,18,vertical
843,3719.3413,1409.1776,acqua,5,69,18,vertical
844,3719.3413,1500.164,acqua,5,69,18,vertical
845,3719.3413,1591.1501,acqua,5,69,18,vertical
846,3799.2317,88.7671,acqua,5,69,18,vertical
847,3799.2317,179.75337,acqua,5,69,18,vertical
848,3799.2317,270.73965,acqua,5,69,18,vertical
849,3799.2317,361.72592,acqua,5,69,18,vertical
850,3799.2317,452.7122,acqua,5,69,18,vertical
851,3799.2317,543.6985,acqua,5,69,18,vertical
852,3799.2317,634.68475,acqua,5,69,18,vertical
853,3799.2317,725.671,acqua,5,69,18,vertical
854,3799.2317,816.6573,acqua,5,69,18,vertical
855,3799.2317,907.64355,acqua,5,69,18,vertical
856,3799.2317,998.6298,acqua,5,69,18,vertical
857,3799.2317,1089.6161,acqua,5,69,18,vertical
858,3799.2317,1180.6024,acqua,5,69,18,vertical
859,3799.2317,1271.5886,acqua,5,69,18,vertical
860,3799.2317,1362.575,acqua,5,69,18,vertical
861,3799.2317,1453.5612,acqua,5,69,18,vertical
862,3799.2317,1544.5475,acqua,5,69,18,vertical
863,3799.2317,1635.5337,acqua,5,69,18,vertical
864,3879.122,44.38355,acqua,5,69,18,vertical
865,3879.122,135.36983,acqua,5,69,18,vertical
866,3879.122,226.3561,acqua,5,69,18,vertical
867,3879.122,317.34238,acqua,5,69,18,vertical
868,3879.122,408.32864,acqua,5,69,18,vertical
869,3879.122,499.3149,acqua,5,69,18,vertical
870,3879.122,590.3012,acqua,5,69,18,vertical
871,3879.122,681.2875,acqua,5,69,18,vertical
872,3879.122,772.27374,acqua,5,69,18,vertical
873,3879.122,863.26,acqua,5,69,18,vertical
874,3879.122,954.2463,acqua,5,69,18,vertical
875,3879.122,1045.2325,acqua,5,69,18,vertical
876,3879.122,1136.2189,acqua,5,69,18,vertical
877,3879.122,1227.2051,acqua,5,69,18,vertical
878,3879.122,1318.1914,acqua,5,69,18,vertical
879,3879.122,1409.1776,acqua,5,69,18,vertical
880,3879.122,1500.164,acqua,5,69,18,vertical
881,3879.122,1591.1501,acqua,5,69,18,vertical
882,3959.0125,88.7671,acqua,5,69,18,vertical
883,3959.0125,179.75337,acqua,5,69,18,vertical
884,3959.0125,270.73965,acqua,5,69,18,vertical
885,3959.0125,361.72592,acqua,5,69,18,vertical
886,3959.0125,452.7122,acqua,5,69,18,vertical
887,3959.0125,543.6985,acqua,5,69,18,vertical
888,3959.0125,634.68475,acqua,5,69,18,vertical
889,3959.0125,725.671,acqua,5,69,18,vertical
890,3959.0125,816.6573,acqua,5,69,18,vertical
891,3959.0125,907.64355,acqua,5,69,18,vertical
892,3959.0125,998.6298,acqua,5,69,18,vertical
893,3959.0125,1089.6161,acqua,5,69,18,vertical
894,3959.0125,1180.6024,acqua,5,69,18,vertical
895,3959.0125,1271.5886,acqua,5,69,18,vertical
896,3959.0125,1362.575,acqua,5,69,18,vertical
897,3959.0125,1453.5612,acqua,5,69,18,vertical
898,3959.0125,1544.5475,acqua,5,69,18,vertical
899,3959.0125,1635.5337,acqua,5,69,18,vertical
900,4038.9028,44.38355,acqua,5,69,18,vertical
901,4038.9028,135.36983,acqua,5,69,18,vertical
902,4038.9028,226.3561,acqua,5,69,18,vertical
903,4038.9028,317.34238,acqua,5,69,18,vertical
904,4038.9028,408.32864,acqua,5,69,18,vertical
905,4038.9028,499.3149,acqua,5,69,18,vertical
906,4038.9028,590.3012,acqua,5,69,18,vertical
907,4038.9028,681.2875,acqua,5,69,18,vertical
908,4038.9028,772.27374,acqua,5,69,18,vertical
909,4038.9028,863.26,acqua,5,69,18,vertical
910,4038.9028,954.2463,acqua,5,69,18,vertical
911,4038.9028,1045.2325,acqua,5,69,18,vertical
912,4038.9028,1136.2189,acqua,5,69,18,vertical
913,4038.9028,1227.2051,acqua,5,69,18,vertical
914,4038.9028,1318.1914,acqua,5,69,18,vertical
915,4038.9028,1409.1776,acqua,5,69,18,vertical
916,4038.9028,1500.164,acqua,5,69,18,vertical
917,4038.9028,1591.1501,acqua,5,69,18,vertical
918,4118.7935,88.7671,acqua,5,69,18,vertical
919,4118.7935,179.75337,acqua,5,69,18,vertical
920,4118.7935,270.73965,acqua,5,69,18,vertical
921,4118.7935,361.72592,acqua,5,69,18,vertical
922,4118.7935,452.7122,acqua,5,69,18,vertical
923,4118.7935,543.6985,acqua,5,69,18,vertical
924,4118.7935,634.68475,acqua,5,69,18,vertical
925,4118.7935,725.671,acqua,5,69,18,vertical
926,4118.7935,816.6573,acqua,5,69,18,vertical
927,4118.7935,907.64355,acqua,5,69,18,vertical
928,4118.7935,998.6298,acqua,5,69,18,vertical
929,4118.7935,1089.6161,acqua,5,69,18,vertical
930,4118.7935,1180.6024,acqua,5,69,18,vertical
931,4118.7935,1271.5886,acqua,5,69,18,vertical
932,4118.7935,1362.575,acqua,5,69,18,vertical
933,4118.7935,1453.5612,acqua,5,69,18,vertical
934,4118.7935,1544.5475,acqua,5,69,18,vertical
935,4118.7935,1635.5337,acqua,5,69,18,vertical
936,4198.684,44.38355,acqua,5,69,18,vertical
937,4198.684,135.36983,acqua,5,69,18,vertical
938,4198.684,226.3561,acqua,5,69,18,vertical
939,4198.684,317.34238,acqua,5,69,18,vertical
940,4198.684,408.32864,acqua,5,69,18,vertical
941,4198.684,499.3149,acqua,5,69,18,vertical
942,4198.684,590.3012,acqua,5,69,18,vertical
943,4198.684,681.2875,acqua,5,69,18,vertical
944,4198.684,772.27374,acqua,5,69,18,vertical
945,4198.684,863.26,acqua,5,69,18,vertical
946,4198.684,954.2463,acqua,5,69,18,vertical
947,4198.684,1045.2325,acqua,5,69,18,vertical
948,4198.684,1136.2189,acqua,5,69,18,vertical
949,4198.684,1227.2051,acqua,5,69,18,vertical
950,4198.684,1318.1914,acqua,5,69,18,vertical
951,4198.684,1409.1776,acqua,5,69,18,vertical
952,4198.684,1500.164,acqua,5,69,18,vertical
953,4198.684,1591.1501,acqua,5,69,18,vertical
954,4278.574,88.7671,acqua,5,69,18,vertical
955,4278.574,179.75337,acqua,5,69,18,vertical
956,4278.574,270.73965,acqua,5,69,18,vertical
957,4278.574,361.72592,acqua,5,69,18,vertical
958,4278.574,452.7122,acqua,5,69,18,vertical
959,4278.574,543.6985,acqua,5,69,18,vertical
960,4278.574,634.68475,acqua,5,69,18,vertical
961,4278.574,725.671,acqua,5,69,18,vertical
962,4278.574,816.6573,acqua,5,69,18,vertical
963,4278.574,907.64355,acqua,5,69,18,vertical
964,4278.574,998.6298,acqua,5,69,18,vertical
965,4278.574,1089.6161,acqua,5,69,18,vertical
966,4278.574,1180.6024,acqua,5,69,18,vertical
967,4278.574,1271.5886,acqua,5,69,18,vertical
968,4278.574,1362.575,acqua,5,69,18,vertical
969,4278.574,1453.5612,acqua,5,69,18,vertical
970,4278.574,1544.5475,acqua,5,69,18,vertical
971,4278.574,1635.5337,acqua,5,69,18,vertical
972,4358.465,44.38355,acqua,5,69,18,vertical
973,4358.465,135.36983,acqua,5,69,18,vertical
974,4358.465,226.3561,acqua,5,69,18,vertical
975,4358.465,317.34238,acqua,5,69,18,vertical
976,4358.465,408.32864,acqua,5,69,18,vertical
977,4358.465,499.3149,acqua,5,69,18,vertical
978,4358.465,590.3012,acqua,5,69,18,vertical
979,4358.465,681.2875,acqua,5,69,18,vertical
980,4358.465,772.27374,acqua,5,69,18,vertical
981,4358.465,863.26,acqua,5,69,18,vertical
982,4358.465,954.2463,acqua,5,69,18,vertical
983,4358.465,1045.2325,acqua,5,69,18,vertical
984,4358.465,1136.2189,acqua,5,69,18,vertical
985,4358.465,1227.2051,acqua,5,69,18,vertical
986,4358.465,1318.1914,acqua,5,69,18,vertical
987,4358.465,1409.1776,acqua,5,69,18,vertical
988,4358.465,1500.164,acqua,5,69,18,vertical
989,4358.465,1591.1501,acqua,5,69,18,vertical
990,4438.355,88.7671,acqua,5,69,18,vertical
991,4438.355,179.75337,acqua,5,69,18,vertical
992,4438.355,270.73965,acqua,5,69,18,vertical
993,4438.355,361.72592,acqua,5,69,18,vertical
994,4438.355,452.7122,acqua,5,69,18,vertical
995,4438.355,543.6985,acqua,5,69,18,vertical
996,4438.355,634.68475,acqua,5,69,18,vertical
997,4438.355,725.671,acqua,5,69,18,vertical
998,4438.355,816.6573,acqua,5,69,18,vertical
999,4438.355,907.64355,acqua,5,69,18,vertical
1000,4438.355,998.6298,acqua,5,69,18,vertical
1001,4438.355,1089.6161,acqua,5,69,18,vertical
1002,4438.355,1180.6024,acqua,5,69,18,vertical
1003,4438.355,1271.5886,acqua,5,69,18,vertical
1004,4438.355,1362.575,acqua,5,69,18,vertical
1005,4438.355,1453.5612,acqua,5,69,18,vertical
1006,4438.355,1544.5475,acqua,5,69,18,vertical
1007,4438.355,1635.5337,acqua,5,69,18,vertical
1008,4518.2456,44.38355,acqua,5,69,18,vertical
1009,4518.2456,135.36983,acqua,5,69,18,vertical
1010,4518.2456,226.3561,acqua,5,69,18,vertical
1011,4518.2456,317.34238,acqua,5,69,18,vertical
1012,4518.2456,408.32864,acqua,5,69,18,vertical
1013,4518.2456,499.3149,acqua,5,69,18,vertical
1014,4518.2456,590.3012,acqua,5,69,18,vertical
1015,4518.2456,681.2875,acqua,5,69,18,vertical
1016,4518.2456,772.27374,acqua,5,69,18,vertical
1017,4518.2456,863.26,acqua,5,69,18,vertical
1018,4518.2456,954.2463,acqua,5,69,18,vertical
1019,4518.2456,1045.2325,acqua,5,69,18,vertical
1020,4518.2456,1136.2189,acqua,5,69,18,vertical
1021,4518.2456,1227.2051,acqua,5,69,18,vertical
1022,4518.2456,1318.1914,acqua,5,69,18,vertical
1023,4518.2456,1409.1776,acqua,5,69,18,vertical
1024,4518.2456,1500.164,acqua,5,69,18,vertical
1025,4518.2456,1591.1501,acqua,5,69,18,vertical
1026,4598.1357,88.7671,acqua,5,69,18,vertical
1027,4598.1357,179.75337,acqua,5,69,18,vertical
1028,4598.1357,270.73965,acqua,5,69,18,vertical
1029,4598.1357,361.72592,acqua,5,69,18,vertical
1030,4598.1357,452.7122,acqua,5,69,18,vertical
1031,4598.1357,543.6985,acqua,5,69,18,vertical
1032,4598.1357,634.68475,acqua,5,69,18,vertical
1033,4598.1357,725.671,acqua,5,69,18,vertical
1034,4598.1357,816.6573,acqua,5,69,18,vertical
1035,4598.1357,907.64355,acqua,5,69,18,vertical
1036,4598.1357,998.6298,acqua,5,69,18,vertical
1037,4598.1357,1089.6161,acqua,5,69,18,vertical
1038,4598.1357,1180.6024,acqua,5,69,18,vertical
1039,4598.1357,1271.5886,acqua,5,69,18,vertical
1040,4598.1357,1362.575,acqua,5,69,18,vertical
1041,4598.1357,1453.5612,acqua,5,69,18,vertical
1042,4598.1357,1544.5475,acqua,5,69,18,vertical
1043,4598.1357,1635.5337,acqua,5,69,18,vertical
1044,4678.0264,44.38355,acqua,5,69,18,vertical
1045,4678.0264,135.36983,acqua,5,69,18,vertical
1046,4678.0264,226.3561,acqua,5,69,18,vertical
1047,4678.0264,317.34238,acqua,5,69,18,vertical
1048,4678.0264,408.32864,acqua,5,69,18,vertical
1049,4678.0264,499.3149,acqua,5,69,18,vertical
1050,4678.0264,590.3012,acqua,5,69,18,vertical
1051,4678.0264,681.2875,acqua,5,69,18,vertical
1052,4678.0264,772.27374,acqua,5,69,18,vertical
1053,4678.0264,863.26,acqua,5,69,18,vertical
1054,4678.0264,954.2463,acqua,5,69,18,vertical
1055,4678.0264,1045.2325,acqua,5,69,18,vertical
1056,4678.0264,1136.2189,acqua,5,69,18,vertical
1057,4678.0264,1227.2051,acqua,5,69,18,vertical
1058,4678.0264,1318.1914,acqua,5,69,18,vertical
1059,4678.0264,1409.1776,acqua,5,69,18,vertical
1060,4678.0264,1500.164,acqua,5,69,18,vertical
1061,4678.0264,1591.1501,acqua,5,69,18,vertical
1062,4757.9165,88.7671,acqua,5,69,18,vertical
1063,4757.9165,179.75337,acqua,5,69,18,vertical
1064,4757.9165,270.73965,acqua,5,69,18,vertical
1065,4757.9165,361.72592,acqua,5,69,18,vertical
1066,4757.9165,452.7122,acqua,5,69,18,vertical
1067,4757.9165,543.6985,acqua,5,69,18,vertical
1068,4757.9165,634.68475,acqua,5,69,18,vertical
1069,4757.9165,725.671,acqua,5,69,18,vertical
1070,4757.9165,816.6573,acqua,5,69,18,vertical
1071,4757.9165,907.64355,acqua,5,69,18,vertical
1072,4757.9165,998.6298,acqua,5,69,18,vertical
1073,4757.9165,1089.6161,acqua,5,69,18,vertical
1074,4757.9165,1180.6024,acqua,5,69,18,vertical
1075,4757.9165,1271.5886,acqua,5,69,18,vertical
1076,4757.9165,1362.575,acqua,5,69,18,vertical
1077,4757.9165,1453.5612,acqua,5,69,18,vertical
1078,4757.9165,1544.5475,acqua,5,69,18,vertical
1079,4757.9165,1635.5337,acqua,5,69,18,vertical
1080,4837.807,44.38355,acqua,5,69,18,vertical
1081,4837.807,135.36983,acqua,5,69,18,vertical
1082,4837.807,226.3561,acqua,5,69,18,vertical
1083,4837.807,317.34238,acqua,5,69,18,vertical
1084,4837.807,408.32864,acqua,5,69,18,vertical
1085,4837.807,499.3149,acqua,5,69,18,vertical
1086,4837.807,590.3012,acqua,5,69,18,vertical
1087,4837.807,681.2875,azul,6,69,18,vertical
1088,4837.807,772.27374,azul,6,69,18,vertical
1089,4837.807,863.26,azul,6,69,18,vertical
1090,4837.807,954.2463,azul,6,69,18,vertical
1091,4837.807,1045.2325,azul,6,69,18,vertical
1092,4837.807,1136.2189,acqua,5,69,18,vertical
1093,4837.807,1227.2051,acqua,5,69,18,vertical
1094,4837.807,1318.1914,acqua,5,69,18,vertical
1095,4837.807,1409.1776,acqua,5,69,18,vertical
1096,4837.807,1500.164,acqua,5,69,18,vertical
1097,4837.807,1591.1501,acqua,5,69,18,vertical
1098,4917.6973,88.7671,acqua,5,69,18,vertical
1099,4917.6973,179.75337,acqua,5,69,18,vertical
1100,4917.6973,270.73965,acqua,5,69,18,vertical
1101,4917.6973,361.72592,acqua,5,69,18,vertical
1102,4917.6973,452.7122,acqua,5,69,18,vertical
1103,4917.6973,543.6985,acqua,5,69,18,vertical
1104,4917.6973,634.68475,azul,6,69,18,vertical
1105,4917.6973,725.671,azul,6,69,18,vertical
1106,4917.6973,816.6573,azul,6,69,18,vertical
1107,4917.6973,907.64355,azul,6,69,18,vertical
1108,4917.6973,998.6298,azul,6,69,18,vertical
1109,4917.6973,1089.6161,azul,6,69,18,vertical
1110,4917.6973,1180.6024,azul,6,69,18,vertical
1111,4917.6973,1271.5886,acqua,5,69,18,vertical
1112,4917.6973,1362.575,acqua,5,69,18,vertical
1113,4917.6973,1453.5612,acqua,5,69,18,vertical
1114,4917.6973,1544.5475,acqua,5,69,18,vertical
1115,4917.6973,1635.5337,acqua,5,69,18,vertical
1116,4997.588,44.38355,acqua,5,69,18,vertical
1117,4997.588,135.36983,acqua,5,69,18,vertical
1118,4997.588,226.3561,acqua,5,69,18,vertical
1119,4997.588,317.34238,acqua,5,69,18,vertical
1120,4997.588,408.32864,acqua,5,69,18,vertical
1121,4997.588,499.3149,azul,6,69,18,vertical
1122,4997.588,590.3012,azul,6,69,18,vertical
1123,4997.588,681.2875,azul,6,69,18,vertical
1124,4997.588,772.27374,azul,6,69,18,vertical
1125,4997.588,863.26,azul,6,69,18,vertical
1126,4997.588,954.2463,azul,6,69,18,vertical
1127,4997.588,1045.2325,azul,6,69,18,vertical
1128,4997.588,1136.2189,azul,6,69,18,vertical
1129,4997.588,1227.2051,azul,6,69,18,vertical
1130,4997.588,1318.1914,acqua,5,69,18,vertical
1131,4997.588,1409.1776,acqua,5,69,18,vertical
1132,4997.588,1500.164,acqua,5,69,18,vertical
1133,4997.588,1591.1501,acqua,5,69,18,vertical
1134,5077.478,88.7671,acqua,5,69,18,vertical
1135,5077.478,179.75337,acqua,5,69,18,vertical
1136,5077.478,270.73965,acqua,5,69,18,vertical
1137,5077.478,361.72592,acqua,5,69,18,vertical
1138,5077.478,452.7122,azul,6,69,18,vertical
1139,5077.478,543.6985,azul,6,69,18,vertical
1140,5077.478,634.68475,azul,6,69,18,vertical
1141,5077.478,725.671,azul,6,69,18,vertical
1142,5077.478,816.6573,azul,6,69,18,vertical
1143,5077.478,907.64355,azul,6,69,18,vertical
1144,5077.478,998.6298,azul,6,69,18,vertical
1145,5077.478,1089.6161,azul,6,69,18,vertical
1146,5077.478,1180.6024,azul,6,69,18,vertical
1147,5077.478,1271.5886,azul,6,69,18,vertical
1148,5077.478,1362.575,acqua,5,69,18,vertical
1149,5077.478,1453.5612,acqua,5,69,18,vertical
1150,5077.478,1544.5475,acqua,5,69,18,vertical
1151,5077.478,1635.5337,acqua,5,69,18,vertical
1152,5157.3687,44.38355,acqua,5,69,18,vertical
1153,5157.3687,135.36983,acqua,5,69,18,vertical
1154,5157.3687,226.3561,acqua,5,69,18,vertical
1155,5157.3687,317.34238,acqua,5,69,18,vertical
1156,5157.3687,408.32864,acqua,5,69,18,vertical
1157,5157.3687,499.3149,azul,6,69,18,vertical
1158,5157.3687,590.3012,azul,6,69,18,vertical
1159,5157.3687,681.2875,azul,6,69,18,vertical
1160,5157.3687,772.27374,azul,6,69,18,vertical
1161,5157.3687,863.26,azul,6,69,18,vertical
1162,5157.3687,954.2463,azul,6,69,18,vertical
1163,5157.3687,1045.2325,azul,6,69,18,vertical
1164,5157.3687,1136.2189,azul,6,69,18,vertical
1165,5157.3687,1227.2051,azul,6,69,18,vertical
1166,5157.3687,1318.1914,azul,6,69,18,vertical
1167,5157.3687,1409.1776,acqua,5,69,18,vertical
1168,5157.3687,1500.164,acqua,5,69,18,vertical
1169,5157.3687,1591.1501,acqua,5,69,18,vertical
1170,5237.259,88.7671,acqua,5,69,18,vertical
1171,5237.259,179.75337,acqua,5,69,18,vertical
1172,5237.259,270.73965,acqua,5,69,18,vertical
1173,5237.259,361.72592,acqua,5,69,18,vertical
1174,5237.259,452.7122,azul,6,69,18,vertical
1175,5237.259,543.6985,azul,6,69,18,vertical
1176,5237.259,634.68475,azul,6,69,18,vertical
1177,5237.259,725.671,azul,6,69,18,vertical
1178,5237.259,816.6573,azul,6,69,18,vertical
1179,5237.259,907.64355,azul,6,69,18,vertical
1180,5237.259,998.6298,azul,6,69,18,vertical
1181,5237.259,1089.6161,azul,6,69,18,vertical
1182,5237.259,1180.6024,azul,6,69,18,vertical
1183,5237.259,1271.5886,azul,6,69,18,vertical
1184,5237.259,1362.575,acqua,5,69,18,vertical
1185,5237.259,1453.5612,acqua,5,69,18,vertical
1186,5237.259,1544.5475,acqua,5,69,18,vertical
1187,5237.259,1635.5337,acqua,5,69,18,vertical
1188,5317.1494,44.38355,acqua,5,69,18,vertical
1189,5317.1494,135.36983,acqua,5,69,18,vertical
1190,5317.1494,226.3561,acqua,5,69,18,vertical
1191,5317.1494,317.34238,acqua,5,69,18,vertical
1192,5317.1494,408.32864,acqua,5,69,18,vertical
1193,5317.1494,499.3149,azul,6,69,18,vertical
1194,5317.1494,590.3012,azul,6,69,18,vertical
1195,5317.1494,681.2875,azul,6,69,18,vertical
1196,5317.1494,772.27374,azul,6,69,18,vertical
1197,5317.1494,863.26,azul,6,69,18,vertical
1198,5317.1494,954.2463,azul,6,69,18,vertical
1199,5317.1494,1045.2325,azul,6,69,18,vertical
1200,5317.1494,1136.2189,azul,6,69,18,vertical
1201,5317.1494,1227.2051,azul,6,69,18,vertical
1202,5317.1494,1318.1914,azul,6,69,18,vertical
1203,5317.1494,1409.1776,acqua,5,69,18,vertical
1204,5317.1494,1500.164,acqua,5,69,18,vertical
1205,5317.1494,1591.1501,acqua,5,69,18,vertical
1206,5397.0396,88.7671,acqua,5,69,18,vertical
1207,5397.0396,179.75337,acqua,5,69,18,vertical
1208,5397.0396,270.73965,acqua,5,69,18,vertical
1209,5397.0396,361.72592,acqua,5,69,18,vertical
1210,5397.0396,452.7122,azul,6,69,18,vertical
1211,5397.0396,543.6985,azul,6,69,18,vertical
1212,5397.0396,634.68475,azul,6,69,18,vertical
1213,5397.0396,725.671,azul,6,69,18,vertical
1214,5397.0396,816.6573,azul,6,69,18,vertical
1215,5397.0396,907.64355,azul,6,69,18,vertical
1216,5397.0396,998.6298,azul,6,69,18,vertical
1217,5397.0396,1089.6161,azul,6,69,18,vertical
1218,5397.0396,1180.6024,azul,6,69,18,vertical
1219,5397.0396,1271.5886,azul,6,69,18,vertical
1220,5397.0396,1362.575,acqua,5,69,18,vertical
1221,5397.0396,1453.5612,acqua,5,69,18,vertical
1222,5397.0396,1544.5475,acqua,5,69,18,vertical
1223,5397.0396,1635.5337,acqua,5,69,18,vertical
1224,5476.93,44.38355,acqua,5,69,18,vertical
1225,5476.93,135.36983,acqua,5,69,18,vertical
1226,5476.93,226.3561,acqua,5,69,18,vertical
1227,5476.93,317.34238,acqua,5,69,18,vertical
1228,5476.93,408.32864,acqua,5,69,18,vertical
1229,5476.93,499.3149,azul,6,69,18,vertical
1230,5476.93,590.3012,azul,6,69,18,vertical
1231,5476.93,681.2875,azul,6,69,18,vertical
1232,5476.93,772.27374,azul,6,69,18,vertical
1233,5476.93,863.26,azul,6,69,18,vertical
1234,5476.93,954.2463,azul,6,69,18,vertical
1235,5476.93,1045.2325,azul,6,69,18,vertical
1236,5476.93,1136.2189,azul,6,69,18,vertical
1237,5476.93,1227.2051,azul,6,69,18,vertical
1238,5476.93,1318.1914,acqua,5,69,18,vertical
1239,5476.93,1409.1776,acqua,5,69,18,vertical
1240,5476.93,1500.164,acqua,5,69,18,vertical
1241,5476.93,1591.1501,acqua,5,69,18,vertical
